,0,1,2,3
0,Mar 30,5,1,23
1,Mar 30,5,1,23
2,Mar 30,5,1,23
3,Apr 7,3,1,4
4,Apr 5,2,1,22
5,,,1,
6,,,1,
7,,,1,
8,,,1,
9,,,1,
10,,,1,
11,,,1,
12,,,1,
13,,,1,
14,,,1,
15,,,1,
16,,,1,
17,,,1,
18,,,1,
19,,,1,
20,,,1,
21,,,1,
22,,,1,
23,,,1,
24,,,1,
25,,,1,
26,,,1,
27,,,1,
28,,,1,
29,,,1,
30,,,1,
31,,,1,
32,,,1,
33,,1,1,8
34,,,1,
35,,,1,
36,,,1,
37,,,1,
38,,,1,
39,,,1,
40,,,1,
41,,,1,
42,,,1,
43,,,1,
44,,1,1,
45,,,1,
46,,,1,
47,,,1,
48,,,1,
49,,,1,
50,,,1,
51,,,1,
52,,,1,
53,,,1,
54,,,1,
55,,,1,
56,,,1,
57,,,1,
58,,,1,
59,,,1,
60,,,1,
61,,,1,
62,,,1,
63,,,1,
64,,4,1,114
65,,,1,
66,,,1,
67,,,1,
68,,,1,
69,,,1,
70,,,1,
71,,,1,
72,,,1,
73,,,1,
74,,,1,
75,,,1,
76,,,1,
77,,,1,
78,,,1,
79,,,1,
80,,,1,
81,,,1,
82,,,1,
83,,,1,
84,,,1,
85,,,1,
86,,13,1,356
87,,,1,
88,,,1,
89,,,1,
90,,,1,
91,,,1,
92,,,1,
93,,,1,
94,,,1,
95,,,1,
96,,,1,
97,,,1,
98,,,1,
99,,,1,
100,,,1,
101,,,1,
102,,,1,
103,,,1,
104,,,1,
105,,,1,
106,,,1,
107,,,1,
108,,,1,
109,,,1,
110,,,1,
111,,,1,
112,,,1,
113,,,1,
114,,,1,
115,,,1,
116,,,1,
117,,,1,
118,,,1,
119,,4,1,
120,,,1,
121,,,1,
122,,,1,
123,,,1,
124,,,1,
125,,,1,
126,,,1,
127,,,1,
128,,,1,
129,,,1,
130,,,1,
131,,,1,
132,,,1,
133,,,1,
134,,,1,
135,,,1,
136,,,1,
137,,9,1,28
138,,,1,
139,,,1,
140,,,1,
141,,,1,
142,,,1,
143,,,1,
144,,,1,
145,,,1,
146,,,1,
147,,,1,
148,,,1,
149,,,1,
150,,,1,
151,,,1,
152,,,1,
153,,,1,
154,,,1,
155,,,1,
156,,,1,
157,,1,1,9
158,,,1,
159,,,1,
160,,,1,
161,,,1,
162,,,1,
163,,,1,
164,,,1,
165,,,1,
166,,,1,
167,,,1,
168,,,1,
169,,,1,
170,,,1,
171,,,1,
172,,11,1,
173,,,1,
174,,,1,
175,,,1,
176,,,1,
177,,,1,
178,,,1,
179,,,1,
180,,,1,
181,,,1,
182,,,1,
183,,4,1,81
184,,,1,
185,,,1,
186,,,1,
187,"Mar 26, 2022",568,1,
188,,,1,
189,,,1,
190,,,1,
191,,,1,
192,,,1,
193,,,1,
194,"Mar 14, 2022",6,1,22
195,"Mar 16, 2022",4,1,21
196,"Mar 16, 2022",4,1,21
197,"Mar 16, 2022",4,1,21
198,"Mar 15, 2022",3,1,57
199,"Mar 15, 2022",3,1,57
200,"Mar 15, 2022",3,1,57
201,"Feb 23, 2022",20,1,114
202,"Feb 25, 2022",3,1,7
203,"Feb 25, 2022",3,1,7
204,"Feb 25, 2022",3,1,7
205,"Feb 25, 2022",3,1,13
206,"Feb 25, 2022",3,1,13
207,"Feb 25, 2022",3,1,13
208,"Feb 25, 2022",3,1,13
209,"Feb 25, 2022",3,1,13
210,"Feb 25, 2022",3,1,13
211,"Feb 25, 2022",3,1,13
212,"Feb 25, 2022",3,1,13
213,"Feb 25, 2022",3,1,13
214,"Feb 25, 2022",3,1,13
215,"Feb 25, 2022",3,1,13
216,"Feb 25, 2022",3,1,13
217,"Feb 25, 2022",3,1,13
218,"Feb 25, 2022",3,1,13
219,"Feb 25, 2022",3,1,13
220,"Feb 25, 2022",3,1,13
221,"Feb 25, 2022",3,1,13
222,"Feb 25, 2022",3,1,13
223,"Feb 25, 2022",3,1,13
224,"Feb 25, 2022",3,1,13
225,"Feb 25, 2022",3,1,13
226,"Feb 25, 2022",3,1,13
227,"Feb 25, 2022",3,1,13
228,"Feb 25, 2022",3,1,13
229,"Feb 25, 2022",3,1,13
230,"Feb 25, 2022",3,1,13
231,"Feb 25, 2022",3,1,13
232,"Feb 25, 2022",3,1,13
233,"Feb 25, 2022",3,1,13
234,"Feb 25, 2022",3,1,13
235,"Feb 25, 2022",3,1,13
236,"Feb 25, 2022",3,1,13
237,"Feb 25, 2022",3,1,13
238,"Feb 25, 2022",3,1,13
239,"Feb 25, 2022",3,1,13
240,"Feb 25, 2022",3,1,13
241,"Feb 25, 2022",3,1,13
242,"Feb 25, 2022",3,1,13
243,"Feb 25, 2022",3,1,13
244,"Feb 25, 2022",3,1,13
245,"Feb 25, 2022",3,1,13
246,"Feb 25, 2022",3,1,13
247,"Feb 25, 2022",3,1,13
248,"Feb 25, 2022",3,1,13
249,"Feb 25, 2022",3,1,13
250,"Feb 25, 2022",3,1,13
251,"Feb 25, 2022",3,1,13
252,"Feb 25, 2022",3,1,13
253,"Feb 25, 2022",3,1,13
254,"Feb 25, 2022",3,1,13
255,"Feb 25, 2022",3,1,13
256,"Feb 25, 2022",3,1,13
257,"Feb 25, 2022",3,1,13
258,"Feb 25, 2022",3,1,13
259,"Feb 25, 2022",3,1,13
260,"Feb 25, 2022",3,1,13
261,"Feb 25, 2022",3,1,13
262,"Feb 25, 2022",3,1,13
263,"Feb 25, 2022",3,1,13
264,"Feb 25, 2022",3,1,13
265,"Feb 25, 2022",3,1,13
266,"Feb 25, 2022",3,1,13
267,"Feb 25, 2022",3,1,13
268,"Feb 25, 2022",3,1,13
269,"Feb 25, 2022",3,1,13
270,"Feb 25, 2022",3,1,13
271,"Feb 25, 2022",3,1,13
272,"Feb 25, 2022",3,1,13
273,"Feb 25, 2022",3,1,13
274,"Feb 25, 2022",3,1,13
275,"Feb 25, 2022",3,1,13
276,"Feb 25, 2022",3,1,13
277,"Feb 25, 2022",3,1,13
278,"Feb 25, 2022",3,1,13
279,"Feb 25, 2022",3,1,13
280,"Feb 25, 2022",3,1,13
281,"Feb 25, 2022",3,1,13
282,"Feb 25, 2022",3,1,13
283,"Feb 25, 2022",3,1,13
284,"Feb 25, 2022",3,1,13
285,"Feb 25, 2022",3,1,13
286,"Feb 25, 2022",3,1,13
287,"Feb 25, 2022",3,1,13
288,"Feb 25, 2022",3,1,13
289,"Feb 25, 2022",3,1,13
290,"Feb 25, 2022",3,1,13
291,"Feb 25, 2022",3,1,13
292,"Feb 25, 2022",3,1,13
293,"Feb 25, 2022",3,1,13
294,"Feb 25, 2022",3,1,13
295,"Feb 25, 2022",3,1,13
296,"Feb 25, 2022",3,1,13
297,"Feb 25, 2022",3,1,13
298,"Feb 25, 2022",3,1,13
299,"Feb 25, 2022",3,1,13
300,"Feb 25, 2022",3,1,13
301,"Feb 25, 2022",3,1,13
302,"Feb 25, 2022",3,1,13
303,"Feb 25, 2022",3,1,13
304,"Feb 25, 2022",3,1,13
305,"Feb 25, 2022",3,1,13
306,"Feb 25, 2022",3,1,13
307,"Feb 25, 2022",3,1,13
308,"Feb 25, 2022",3,1,13
309,"Feb 25, 2022",3,1,13
310,"Feb 25, 2022",3,1,13
311,"Feb 25, 2022",3,1,13
312,"Feb 25, 2022",3,1,13
313,"Feb 25, 2022",3,1,13
314,"Feb 25, 2022",3,1,13
315,"Feb 25, 2022",3,1,13
316,"Feb 25, 2022",3,1,13
317,"Feb 25, 2022",3,1,13
318,"Feb 25, 2022",3,1,13
319,"Feb 25, 2022",3,1,13
320,"Feb 25, 2022",3,1,13
321,"Feb 25, 2022",3,1,13
322,"Feb 25, 2022",3,1,13
323,"Feb 25, 2022",3,1,13
324,"Feb 25, 2022",3,1,13
325,"Feb 25, 2022",3,1,13
326,"Feb 25, 2022",3,1,13
327,"Feb 25, 2022",3,1,13
328,"Feb 25, 2022",3,1,13
329,"Feb 25, 2022",3,1,13
330,"Feb 25, 2022",3,1,13
331,"Feb 25, 2022",3,1,13
332,"Feb 25, 2022",3,1,13
333,"Feb 25, 2022",3,1,13
334,"Feb 25, 2022",3,1,13
335,"Feb 25, 2022",3,1,13
336,"Feb 25, 2022",3,1,13
337,"Feb 25, 2022",3,1,13
338,"Feb 25, 2022",3,1,13
339,"Feb 25, 2022",3,1,13
340,"Feb 25, 2022",3,1,13
341,"Feb 25, 2022",3,1,13
342,"Feb 25, 2022",3,1,13
343,"Feb 25, 2022",3,1,13
344,"Feb 25, 2022",3,1,13
345,"Feb 25, 2022",3,1,13
346,"Feb 25, 2022",3,1,13
347,"Feb 25, 2022",3,1,13
348,"Feb 25, 2022",3,1,13
349,"Feb 25, 2022",3,1,13
350,"Feb 25, 2022",3,1,13
351,"Feb 25, 2022",3,1,13
352,"Feb 25, 2022",3,1,13
353,"Feb 25, 2022",3,1,13
354,"Feb 25, 2022",3,1,13
355,"Feb 25, 2022",3,1,13
356,"Feb 25, 2022",3,1,13
357,"Feb 25, 2022",3,1,13
358,"Feb 25, 2022",3,1,13
359,"Feb 25, 2022",3,1,13
360,"Feb 25, 2022",3,1,13
361,"Feb 25, 2022",3,1,13
362,"Feb 25, 2022",3,1,13
363,"Feb 25, 2022",3,1,13
364,"Feb 25, 2022",3,1,13
365,"Feb 25, 2022",3,1,13
366,"Feb 25, 2022",3,1,13
367,"Feb 25, 2022",3,1,13
368,"Feb 25, 2022",3,1,13
369,"Feb 25, 2022",3,1,13
370,"Feb 25, 2022",3,1,13
371,"Feb 25, 2022",3,1,13
372,"Feb 25, 2022",3,1,13
373,"Feb 25, 2022",3,1,13
374,"Feb 25, 2022",3,1,13
375,"Feb 25, 2022",3,1,13
376,"Feb 25, 2022",3,1,13
377,"Feb 25, 2022",3,1,13
378,"Feb 25, 2022",3,1,13
379,"Feb 25, 2022",3,1,13
380,"Feb 25, 2022",3,1,13
381,"Feb 25, 2022",3,1,13
382,"Feb 25, 2022",3,1,13
383,"Feb 25, 2022",3,1,13
384,"Feb 25, 2022",3,1,13
385,"Feb 25, 2022",3,1,13
386,"Feb 25, 2022",3,1,13
387,"Feb 25, 2022",3,1,13
388,"Feb 25, 2022",3,1,13
389,"Feb 25, 2022",3,1,13
390,"Feb 25, 2022",3,1,13
391,"Feb 25, 2022",3,1,13
392,"Feb 25, 2022",3,1,13
393,"Feb 25, 2022",3,1,13
394,"Feb 25, 2022",3,1,13
395,"Feb 25, 2022",3,1,13
396,"Feb 25, 2022",3,1,13
397,"Feb 25, 2022",3,1,13
398,"Feb 25, 2022",3,1,13
399,"Feb 25, 2022",3,1,13
400,"Feb 25, 2022",3,1,13
401,"Feb 25, 2022",3,1,13
402,"Feb 25, 2022",3,1,13
403,"Feb 25, 2022",3,1,13
404,"Feb 25, 2022",3,1,13
405,"Feb 25, 2022",3,1,13
406,"Feb 25, 2022",3,1,13
407,"Feb 25, 2022",3,1,13
408,"Feb 25, 2022",3,1,13
409,"Feb 25, 2022",3,1,13
410,"Feb 25, 2022",3,1,13
411,"Feb 25, 2022",3,1,13
412,"Feb 25, 2022",3,1,13
413,"Feb 25, 2022",3,1,13
414,"Feb 25, 2022",3,1,13
415,"Feb 25, 2022",3,1,13
416,"Feb 25, 2022",3,1,13
417,"Feb 25, 2022",3,1,13
418,"Feb 25, 2022",3,1,13
419,"Feb 25, 2022",3,1,13
420,"Feb 25, 2022",3,1,13
421,"Feb 25, 2022",3,1,13
422,"Feb 25, 2022",3,1,13
423,"Feb 25, 2022",3,1,13
424,"Feb 25, 2022",3,1,13
425,"Feb 25, 2022",3,1,13
426,"Feb 25, 2022",3,1,13
427,"Feb 25, 2022",3,1,13
428,"Feb 25, 2022",3,1,13
429,"Feb 25, 2022",3,1,13
430,"Feb 25, 2022",3,1,13
431,"Feb 25, 2022",3,1,13
432,"Feb 25, 2022",3,1,13
433,"Feb 25, 2022",3,1,13
434,"Feb 25, 2022",3,1,13
435,"Feb 25, 2022",3,1,13
436,"Feb 25, 2022",3,1,13
437,"Feb 25, 2022",3,1,13
438,"Feb 25, 2022",3,1,13
439,"Feb 25, 2022",3,1,13
440,"Feb 25, 2022",3,1,13
441,"Feb 25, 2022",3,1,13
442,"Feb 25, 2022",3,1,13
443,"Feb 25, 2022",3,1,13
444,"Feb 25, 2022",3,1,13
445,"Feb 25, 2022",3,1,13
446,"Feb 25, 2022",3,1,13
447,"Feb 25, 2022",3,1,13
448,"Feb 25, 2022",3,1,13
449,"Feb 25, 2022",3,1,13
450,"Feb 25, 2022",3,1,13
451,"Feb 25, 2022",3,1,13
452,"Feb 25, 2022",3,1,13
453,"Feb 25, 2022",3,1,13
454,"Feb 25, 2022",3,1,13
455,"Feb 25, 2022",3,1,13
456,"Feb 25, 2022",3,1,13
457,"Feb 25, 2022",3,1,13
458,"Feb 25, 2022",3,1,13
459,"Feb 25, 2022",3,1,13
460,"Feb 25, 2022",3,1,13
461,"Feb 25, 2022",3,1,13
462,"Feb 25, 2022",3,1,13
463,"Feb 25, 2022",3,1,13
464,"Feb 25, 2022",3,1,13
465,"Feb 25, 2022",3,1,13
466,"Feb 25, 2022",3,1,13
467,"Feb 25, 2022",3,1,13
468,"Feb 25, 2022",3,1,13
469,"Feb 25, 2022",3,1,13
470,"Feb 25, 2022",3,1,13
471,"Feb 25, 2022",3,1,13
472,"Feb 25, 2022",3,1,13
473,"Feb 25, 2022",3,1,13
474,"Feb 25, 2022",3,1,13
475,"Feb 25, 2022",3,1,13
476,"Feb 25, 2022",3,1,13
477,"Feb 25, 2022",3,1,13
478,"Feb 25, 2022",3,1,13
479,"Feb 25, 2022",3,1,13
480,"Feb 25, 2022",3,1,13
481,"Feb 25, 2022",3,1,13
482,"Feb 25, 2022",3,1,13
483,"Feb 25, 2022",3,1,13
484,"Feb 25, 2022",3,1,13
485,"Feb 25, 2022",3,1,13
486,"Feb 25, 2022",3,1,13
487,"Feb 25, 2022",3,1,13
488,"Feb 25, 2022",3,1,13
489,"Feb 25, 2022",3,1,13
490,"Feb 25, 2022",3,1,13
491,"Feb 25, 2022",3,1,13
492,"Feb 25, 2022",3,1,13
493,"Feb 25, 2022",3,1,13
494,"Feb 25, 2022",3,1,13
495,"Feb 25, 2022",3,1,13
496,"Feb 25, 2022",3,1,13
497,"Feb 25, 2022",3,1,13
498,"Feb 25, 2022",3,1,13
499,"Feb 25, 2022",3,1,13
500,"Feb 25, 2022",3,1,13
501,"Feb 25, 2022",3,1,13
502,"Feb 25, 2022",3,1,13
503,"Feb 25, 2022",3,1,13
504,"Feb 25, 2022",3,1,13
505,"Feb 25, 2022",3,1,13
506,"Feb 25, 2022",3,1,13
507,"Feb 25, 2022",3,1,13
508,"Feb 25, 2022",3,1,13
509,"Feb 25, 2022",3,1,13
510,"Feb 25, 2022",3,1,13
511,"Feb 25, 2022",3,1,13
512,"Feb 25, 2022",3,1,13
513,"Feb 25, 2022",3,1,13
514,"Feb 25, 2022",3,1,13
515,"Feb 25, 2022",3,1,13
516,"Feb 25, 2022",3,1,13
517,"Feb 25, 2022",3,1,13
518,"Feb 25, 2022",3,1,13
519,"Feb 25, 2022",3,1,13
520,"Feb 25, 2022",3,1,13
521,"Feb 25, 2022",3,1,13
522,"Feb 25, 2022",3,1,13
523,"Feb 25, 2022",3,1,13
524,"Feb 25, 2022",3,1,13
525,"Feb 25, 2022",3,1,13
526,"Feb 25, 2022",3,1,13
527,"Feb 25, 2022",3,1,13
528,"Feb 25, 2022",3,1,13
529,"Feb 25, 2022",3,1,13
530,"Feb 25, 2022",3,1,13
531,"Feb 25, 2022",3,1,13
532,"Feb 25, 2022",3,1,13
533,"Feb 25, 2022",3,1,13
534,"Feb 25, 2022",3,1,13
535,"Feb 25, 2022",3,1,13
536,"Feb 25, 2022",3,1,13
537,"Feb 25, 2022",3,1,13
538,"Feb 25, 2022",3,1,13
539,"Feb 25, 2022",3,1,13
540,"Feb 25, 2022",3,1,13
541,"Feb 25, 2022",3,1,13
542,"Feb 25, 2022",3,1,13
543,"Feb 25, 2022",3,1,13
544,"Feb 25, 2022",3,1,13
545,"Feb 25, 2022",3,1,13
546,"Feb 25, 2022",3,1,13
547,"Feb 25, 2022",3,1,13
548,"Feb 25, 2022",3,1,13
549,"Feb 25, 2022",3,1,13
550,"Feb 25, 2022",3,1,13
551,"Feb 25, 2022",3,1,13
552,"Feb 25, 2022",3,1,13
553,"Feb 25, 2022",3,1,13
554,"Feb 25, 2022",3,1,13
555,"Feb 25, 2022",3,1,13
556,"Feb 25, 2022",3,1,13
557,"Feb 25, 2022",3,1,13
558,"Feb 25, 2022",3,1,13
559,"Feb 25, 2022",3,1,13
560,"Feb 25, 2022",3,1,13
561,"Feb 25, 2022",3,1,13
562,"Feb 25, 2022",3,1,13
563,"Feb 25, 2022",3,1,13
564,"Feb 25, 2022",3,1,13
565,"Feb 25, 2022",3,1,13
566,"Feb 25, 2022",3,1,13
567,"Feb 25, 2022",3,1,13
568,"Feb 25, 2022",3,1,13
569,"Feb 25, 2022",3,1,13
570,"Feb 25, 2022",3,1,13
571,"Feb 25, 2022",3,1,13
572,"Feb 25, 2022",3,1,13
573,"Feb 25, 2022",3,1,13
574,"Feb 25, 2022",3,1,13
575,"Feb 25, 2022",3,1,13
576,"Feb 25, 2022",3,1,13
577,"Feb 25, 2022",3,1,13
578,"Feb 25, 2022",3,1,13
579,"Feb 25, 2022",3,1,13
580,"Feb 25, 2022",3,1,13
581,"Feb 25, 2022",3,1,13
582,"Feb 25, 2022",3,1,13
583,"Feb 25, 2022",3,1,13
584,"Feb 25, 2022",3,1,13
585,"Feb 25, 2022",3,1,13
586,"Feb 25, 2022",3,1,13
587,"Feb 25, 2022",3,1,13
588,"Feb 25, 2022",3,1,13
589,"Feb 25, 2022",3,1,13
590,"Feb 25, 2022",3,1,13
591,"Feb 25, 2022",3,1,13
592,"Feb 25, 2022",3,1,13
593,"Feb 25, 2022",3,1,13
594,"Feb 25, 2022",3,1,13
595,"Feb 25, 2022",3,1,13
596,"Feb 25, 2022",3,1,13
597,"Feb 25, 2022",3,1,13
598,"Feb 25, 2022",3,1,13
599,"Feb 25, 2022",3,1,13
600,"Feb 25, 2022",3,1,13
601,"Feb 25, 2022",3,1,13
602,"Feb 25, 2022",3,1,13
603,"Feb 25, 2022",3,1,13
604,"Feb 25, 2022",3,1,13
605,"Feb 25, 2022",3,1,13
606,"Feb 25, 2022",3,1,13
607,"Feb 25, 2022",3,1,13
608,"Feb 25, 2022",3,1,13
609,"Feb 25, 2022",3,1,13
610,"Feb 25, 2022",3,1,13
611,"Feb 25, 2022",3,1,13
612,"Feb 25, 2022",3,1,13
613,"Feb 25, 2022",3,1,13
614,"Feb 25, 2022",3,1,13
615,"Feb 25, 2022",3,1,13
616,"Feb 25, 2022",3,1,13
